{
    "camera_0": {
        "camera_matrix": [
            [516.0170622479519, 0.0, 296.6313429461038],
            [0.0, 516.433960550695, 226.67993714171007],
            [0.0, 0.0, 1.0]
        ],
        "distortion_coefficients": [
            -0.09368630072910854, 0.35221838002636074, -0.004612092753702024, -0.003267042051470195, -0.7839345855344914
        ]
    },
    "camera_1": {
        "camera_matrix": [
            [538.1317538879117, 0.0, 317.64096118891337],
            [0.0, 537.0117414868862, 223.53415500117256],
            [0.0, 0.0, 1.0]
        ],
        "distortion_coefficients": [
            -0.0526801543062888, -0.5868732370771725, 0.0010597147025117484, 0.0033764576298374854, 2.313185186898774
        ]
    },
    "camera_2": {
        "camera_matrix": [
            [540.5349059925899, 0.0, 297.88131433792233],
            [0.0, 540.7905254879001, 231.73257538542006],
            [0.0, 0.0, 1.0]
        ],
        "distortion_coefficients": [
            -0.12114421742160625, 0.6055569602862708, -0.0037562909354312305, -0.0040356634736726585, -1.8625990867859497
        ]
    },
    "camera_3": {
        "camera_matrix": [
            [537.6520952232842, 0.0, 277.7550675244408],
            [0.0, 536.4369700500476, 218.57866360661265],
            [0.0, 0.0, 1.0]
        ],
        "distortion_coefficients": [
            -0.08670335128609498, 0.026475786619421824, 0.0015977526998421844, -0.007318669419197426, 0.47146144753949526
        ]
    }
}