{
    "camera_0": {
        "rvec": [
            [
                -1.0019575323110015
            ],
            [
                -0.3701138005831594
            ],
            [
                -0.9360065285517749
            ]
        ],
        "tvec": [
            [
                -225.34398051989336
            ],
            [
                1057.1882738513586
            ],
            [
                2835.378976750841
            ]
        ]
    },
    "camera_1": {
        "rvec": [
            [
                -0.9200499626601857
            ],
            [
                0.15769057362682076
            ],
            [
                0.7205361396396361
            ]
        ],
        "tvec": [
            [
                -700.1601482623449
            ],
            [
                355.9328457183644
            ],
            [
                3130.8728579767235
            ]
        ]
    },
    "camera_2": {
        "rvec": [
            [
                -0.40475621507061166
            ],
            [
                -1.1975998500529403
            ],
            [
                -2.166998220964334
            ]
        ],
        "tvec": [
            [
                3.5173876677524083
            ],
            [
                932.8101285524324
            ],
            [
                2789.8017294092874
            ]
        ]
    },
    "camera_3": {
        "rvec": [
            [
                -0.3425675853042396
            ],
            [
                1.2979491181786098
            ],
            [
                2.2323091125686805
            ]
        ],
        "tvec": [
            [
                674.5529140857752
            ],
            [
                955.7021612496127
            ],
            [
                3080.201348396787
            ]
        ]
    }
}